{"stats":{"minecraft:used":{"minecraft:dirt":1},"minecraft:mined":{"minecraft:bamboo":1,"minecraft:grass_block":1,"minecraft:melon":2,"minecraft:vine":1,"minecraft:fern":1},"minecraft:custom":{"minecraft:jump":5,"minecraft:time_since_rest":806,"minecraft:leave_game":1,"minecraft:crouch_one_cm":128,"minecraft:play_time":806,"minecraft:time_since_death":806,"minecraft:walk_one_cm":3687,"minecraft:sneak_time":24,"minecraft:total_world_time":806},"minecraft:picked_up":{"minecraft:bamboo":9,"minecraft:melon_slice":11,"minecraft:dirt":1}},"DataVersion":3465}